{
  "genes": [
    "PDK4",
    "KLF6",
    "MAP3K8",
    "HERPUD1",
    "MT2A",
    "SOCS3",
    "CPM",
    "HSPA8",
    "LIPA",
    "SAT1",
    "NAMPT",
    "FUS",
    "ATP1B3",
    "CHMP1B",
    "LIMS1",
    "TGIF1",
    "GPR34",
    "CD9",
    "BTG2",
    "FCGRT",
    "ID2",
    "CREM",
    "LGMN",
    "VSIG4",
    "NFKBID"
  ],
  "coef": [
    -0.15941158004604275,
    -0.2132420333749443,
    0.15785113496359487,
    -0.18157465637936285,
    0.0008967897080452589,
    0.08923925098621302,
    -0.03881152048326128,
    -0.03581230199107159,
    -0.24188313836900857,
    0.008261643862300166,
    0.25104867474598513,
    0.17710159376733892,
    0.15235689198531085,
    -0.05078749099738145,
    -0.1261921928033196,
    -0.07149059963839872,
    -0.11188014313662926,
    -0.02166010435720818,
    -0.17194313745116807,
    -0.1587936281777107,
    -0.0628353878549568,
    0.09321296416923028,
    -0.021209353882410194,
    0.2721276139536654,
    0.033249118003393884
  ],
  "mean": [
    12.976827251184833,
    12.865266587677725,
    7.2271587677725115,
    12.25851327014218,
    11.293380331753555,
    11.022495023696681,
    10.570724170616115,
    14.08769241706161,
    11.872102132701423,
    12.435432464454975,
    11.28692251184834,
    12.062126066350709,
    10.804454976303319,
    10.893062796208532,
    8.795053791469195,
    10.064902132701423,
    7.895351184834123,
    12.004535308056871,
    11.379567061611374,
    12.092277962085307,
    11.431107345971565,
    9.352469668246444,
    11.650892654028436,
    8.96992914691943,
    5.190890284360189
  ],
  "sd": [
    1.840081087504169,
    0.9186241881203269,
    0.9688650172102278,
    0.5279413801892419,
    1.4568654551014046,
    1.32045737901121,
    0.9956006078685696,
    0.702831692052435,
    0.8263517978990108,
    0.6816163429780823,
    0.7993348736173401,
    0.3992730337982474,
    0.4602928473091519,
    0.4207819595095478,
    0.8976108798695429,
    0.5200183949973148,
    1.339140727114815,
    0.8255984613837504,
    1.0432470556518538,
    0.5159948474789411,
    0.6803238794278651,
    0.5921752733563869,
    0.8928203247693265,
    1.4029656108420643,
    1.662584698044408
  ],
  "alpha": 0.015776915271131044,
  "seed": 0,
  "l1_ratio": 1.0,
  "training_cohort": "TCGA-KIRC (70% split)",
  "endpoint": "OS",
  "cv_cindex_train": 0.7253633380771485,
  "formula": "risk = sum(coef_i * (expr_i - mean_i)/sd_i)"
}