outcome,n,complement_coef,complement_p,panTAM_coef,panTAM_p
CD8_exhaustion,23,0.18131046843995957,0.6461030228339447,-0.1877114537004122,0.6693298613207878
cytotoxicity,23,-0.012611209357360612,0.9548946000507972,-0.015358789826592945,0.9506814624635559
Treg_fraction,24,0.3962854514764188,0.38797288614263425,0.009967111391040936,0.9812482705011295
MHC_I_APM,12,-0.8667025590855146,0.329342218930845,1.0801584410943033,0.1777854070640071
MHC_II_APC,24,0.6354508878471791,0.055269649153012704,-0.5210999664183676,0.08858472131444901
