{
  "objects": {
    "RCC": {
      "n_cells": 17328,
      "n_genes": 1985,
      "compartments": {
        "Mono2": 4328,
        "Mono1": 4130,
        "TAM": 3341,
        "TIM": 2584,
        "mDC": 1122,
        "Mono3": 877,
        "Monocyte Pro": 852,
        "Osteoclasts": 94
      },
      "conditions": {
        "Tumor": 9884,
        "Involved": 3450,
        "Distal": 2674,
        "Benign": 1320
      },
      "n_patients": 16,
      "patients": [
        "BM1",
        "BM10",
        "BM2",
        "BM3",
        "BM4",
        "BM5",
        "BM7",
        "BM8",
        "BM9",
        "BMM2",
        "BMM3",
        "BMM4",
        "BMM5",
        "BMM6",
        "BMM8",
        "BMM9"
      ]
    },
    "prostate": {
      "n_cells": 11760,
      "n_genes": 2630,
      "compartments": {
        "Mono1": 7168,
        "TIM": 2549,
        "Mono2": 1491,
        "TAM": 552
      },
      "conditions": {
        "Involved": 3798,
        "Distal": 3328,
        "Tumor": 3251,
        "Benign": 1383
      },
      "n_patients": 14,
      "patients": [
        "BMET1",
        "BMET2",
        "BMET3",
        "BMET5",
        "BMET6",
        "BMET7",
        "BMET8",
        "BMM2",
        "BMM3",
        "BMM4",
        "BMM5",
        "BMM6",
        "BMM8",
        "BMM9"
      ]
    }
  },
  "core_detection": {
    "RCC": {
      "all": {
        "C1QA": 0.24740304709141275,
        "C1QB": 0.2117382271468144,
        "C1QC": 0.203601108033241,
        "APOE": 0.09729916897506925,
        "APOC1": 0.16378116343490304,
        "TREM2": 0.10982225300092337,
        "GPNMB": 0.06798245614035088,
        "MERTK": 0.04120498614958449,
        "_n": 17328
      },
      "TAM": {
        "C1QA": 0.8344806944028734,
        "C1QB": 0.7883867105656989,
        "C1QC": 0.8093385214007782,
        "APOE": 0.438192158036516,
        "APOC1": 0.6177791080514816,
        "TREM2": 0.44537563603711466,
        "GPNMB": 0.24543549835378628,
        "MERTK": 0.15713858126309488,
        "_n": 3341
      },
      "TIM": {
        "C1QA": 0.22910216718266255,
        "C1QB": 0.16253869969040247,
        "C1QC": 0.16176470588235295,
        "APOE": 0.05108359133126935,
        "APOC1": 0.16408668730650156,
        "TREM2": 0.1153250773993808,
        "GPNMB": 0.0998452012383901,
        "MERTK": 0.03676470588235294,
        "_n": 2584
      }
    },
    "prostate": {
      "all": {
        "C1QA": 0.06326530612244897,
        "C1QB": 0.0467687074829932,
        "C1QC": 0.04583333333333333,
        "APOE": 0.03231292517006803,
        "APOC1": 0.06318027210884354,
        "TREM2": 0.025085034013605442,
        "GPNMB": 0.03545918367346939,
        "MERTK": 0.026615646258503402,
        "_n": 11760
      },
      "TAM": {
        "C1QA": 0.32971014492753625,
        "C1QB": 0.2246376811594203,
        "C1QC": 0.18297101449275363,
        "APOE": 0.12318840579710146,
        "APOC1": 0.2318840579710145,
        "TREM2": 0.034420289855072464,
        "GPNMB": 0.1286231884057971,
        "MERTK": 0.03260869565217391,
        "_n": 552
      },
      "TIM": {
        "C1QA": 0.1569242840329541,
        "C1QB": 0.133385641428011,
        "C1QC": 0.14829344841114162,
        "APOE": 0.10827775598273832,
        "APOC1": 0.1777167516673205,
        "TREM2": 0.09415457041977246,
        "GPNMB": 0.11494703805413888,
        "MERTK": 0.08748528834837191,
        "_n": 2549
      }
    }
  },
  "tim_comparability": {
    "RCC": {
      "profile_means": {
        "TAM|monocyte": 1.1107797622680664,
        "TIM|monocyte": 2.424504280090332,
        "TAM|TAM_resident": 1.3024128675460815,
        "TIM|TAM_resident": 0.3337136209011078,
        "TAM|inflammatory": 0.861629843711853,
        "TIM|inflammatory": 0.7502231001853943,
        "TAM|core": 1.5233713388442993,
        "TIM|core": 0.24817495048046112
      },
      "tim_gene_means": {
        "FCN1": 1.651424765586853,
        "VCAN": 1.5601974725723267,
        "S100A8": 3.0286142826080322,
        "S100A9": 3.554903030395508,
        "LYZ": 3.5965425968170166,
        "CD14": 1.1553423404693604,
        "C1QA": 0.4923025369644165,
        "C1QB": 0.3398003578186035,
        "APOE": 0.09334363788366318,
        "MRC1": 0.02436855621635914,
        "CD68": 1.1509159803390503,
        "MERTK": 0.05134379863739014,
        "TREM2": 0.18392090499401093,
        "IL1B": 2.0593984127044678,
        "CXCL9": 0.017383165657520294,
        "CXCL10": 0.09121229499578476,
        "TNF": 0.12091106921434402,
        "CCL3": 1.46220862865448
      }
    },
    "prostate": {
      "profile_means": {
        "TAM|monocyte": 1.1705827713012695,
        "TIM|monocyte": 2.086230516433716,
        "TAM|TAM_resident": 0.6123302578926086,
        "TIM|TAM_resident": 0.43929868936538696,
        "TAM|inflammatory": 0.1802518665790558,
        "TIM|inflammatory": 0.7051526308059692,
        "TAM|core": 0.4084239602088928,
        "TIM|core": 0.29442712664604187
      },
      "tim_gene_means": {
        "FCN1": 1.7007559537887573,
        "VCAN": 1.8204280138015747,
        "S100A8": 2.393200397491455,
        "S100A9": 2.588247776031494,
        "LYZ": 2.910118579864502,
        "CD14": 1.1046332120895386,
        "C1QA": 0.38912534713745117,
        "C1QB": 0.33064067363739014,
        "APOE": 0.2374587208032608,
        "CD68": 1.3259766101837158,
        "MERTK": 0.16460394859313965,
        "TREM2": 0.1879868060350418,
        "IL1B": 1.244645118713379,
        "TNF": 0.13732552528381348,
        "CCL3": 0.7334875464439392
      }
    },
    "cross_cancer_TIM_marker_spearman": {
      "rho": 0.9357142857142854,
      "n_genes": 15,
      "genes": [
        "APOE",
        "C1QA",
        "C1QB",
        "CCL3",
        "CD14",
        "CD68",
        "FCN1",
        "IL1B",
        "LYZ",
        "MERTK",
        "S100A8",
        "S100A9",
        "TNF",
        "TREM2",
        "VCAN"
      ]
    }
  },
  "concordance": {
    "RCC": {
      "spearman_all": 0.7868529721595318,
      "spearman_TAM_TIM": 0.9715919541262419,
      "n_TAM_TIM": 5925
    },
    "prostate": {
      "spearman_all": 0.4913724549087278,
      "spearman_TAM_TIM": 0.7734483537364905,
      "n_TAM_TIM": 3101
    }
  },
  "thresholds": {
    "RCC": {
      "top10pct": {
        "cut": 0.5994723774053383,
        "n_high": 594
      },
      "top15pct": {
        "cut": 0.552048417132216,
        "n_high": 889
      },
      "top20pct": {
        "cut": 0.5023277467411545,
        "n_high": 1186
      },
      "gmm": {
        "n_high": 3959,
        "means": [
          2.1026970786941352e-05,
          0.36534757827919706
        ],
        "weights": [
          0.3307907374657109,
          0.669209262534289
        ]
      }
    },
    "prostate": {
      "top10pct": {
        "cut": 0.2954333643988816,
        "n_high": 311
      },
      "top15pct": {
        "cut": 0.18499534016775396,
        "n_high": 467
      },
      "top20pct": {
        "cut": 0.1011183597390494,
        "n_high": 621
      },
      "gmm": {
        "n_high": 838,
        "means": [
          1.39226056803782e-05,
          0.251170562729027
        ],
        "weights": [
          0.72879754470687,
          0.27120245529313
        ]
      }
    }
  }
}